<?xml version='1.0' encoding='UTF-8'?>
<?artifactRepository version='1.1.0'?>
<repository name='download cache' type='org.eclipse.equinox.p2.artifact.repository.simpleRepository' version='1.0.0'>
  <properties size='2'>
    <property name='p2.system' value='true'/>
    <property name='p2.timestamp' value='1394811977243'/>
  </properties>
  <mappings size='3'>
    <rule filter='(&amp; (classifier=osgi.bundle))' output='${repoUrl}/plugins/${id}_${version}.jar'/>
    <rule filter='(&amp; (classifier=binary))' output='${repoUrl}/binary/${id}_${version}'/>
    <rule filter='(&amp; (classifier=org.eclipse.update.feature))' output='${repoUrl}/features/${id}_${version}.jar'/>
  </mappings>
  <artifacts size='3'>
    <artifact classifier='binary' id='org.eclipse.platform_root' version='3.8.1.v20130118-180812-9jF7oIBFG8eU2pim-VbIlTuQjY0RWWK3x-bv4I'>
      <properties size='1'>
        <property name='download.size' value='37272'/>
      </properties>
    </artifact>
    <artifact classifier='binary' id='org.eclipse.rcp_root' version='3.8.2.v20130118-180157-96BuGOZFxwOAeG8Ofmqicz0tPK'>
      <properties size='1'>
        <property name='download.size' value='37952'/>
      </properties>
    </artifact>
    <artifact classifier='binary' id='org.rodinp.platform.product.executable.win32.win32.x86' version='3.0.0.201403141545-e3d282b'>
      <properties size='1'>
        <property name='download.size' value='26230'/>
      </properties>
    </artifact>
  </artifacts>
</repository>
