<?xml version='1.0' encoding='UTF-8'?>
<?artifactRepository version='1.1.0'?>
<repository name='Bundle pool' type='org.eclipse.equinox.p2.artifact.repository.simpleRepository' version='1'>
  <properties size='2'>
    <property name='p2.system' value='true'/>
    <property name='p2.timestamp' value='1394811974292'/>
  </properties>
  <mappings size='3'>
    <rule filter='(&amp; (classifier=osgi.bundle))' output='${repoUrl}/plugins/${id}_${version}.jar'/>
    <rule filter='(&amp; (classifier=binary))' output='${repoUrl}/binary/${id}_${version}'/>
    <rule filter='(&amp; (classifier=org.eclipse.update.feature))' output='${repoUrl}/features/${id}_${version}.jar'/>
  </mappings>
  <artifacts size='199'>
    <artifact classifier='osgi.bundle' id='org.eclipse.team.ui' version='3.6.201.v20130125-135424'>
      <properties size='1'>
        <property name='download.size' value='1445065'/>
      </properties>
    </artifact>
    <artifact classifier='osgi.bundle' id='org.eclipse.equinox.p2.ui.sdk.scheduler' version='1.1.0.v20110815-1744'>
      <properties size='1'>
        <property name='download.size' value='60466'/>
      </properties>
    </artifact>
    <artifact classifier='osgi.bundle' id='org.eclipse.ui.ide' version='3.8.2.v20121106-170106'>
      <properties size='1'>
        <property name='download.size' value='2361827'/>
      </properties>
    </artifact>
    <artifact classifier='osgi.bundle' id='org.eclipse.update.configurator' version='3.3.200.v20120912-142556'>
      <properties size='1'>
        <property name='download.size' value='101130'/>
      </properties>
    </artifact>
    <artifact classifier='osgi.bundle' id='org.eclipse.equinox.app' version='1.3.100.v20120522-1841'>
      <properties size='1'>
        <property name='download.size' value='86390'/>
      </properties>
    </artifact>
    <artifact classifier='osgi.bundle' id='com.ibm.icu' version='4.4.2.v20110823'>
      <properties size='1'>
        <property name='download.size' value='6701203'/>
      </properties>
    </artifact>
    <artifact classifier='osgi.bundle' id='org.eclipse.equinox.util' version='1.0.400.v20120917-192807'>
      <properties size='1'>
        <property name='download.size' value='78025'/>
      </properties>
    </artifact>
    <artifact classifier='org.eclipse.update.feature' id='org.rodinp.handbook.feature' version='2.5.0.201310101603'>
      <properties size='1'>
        <property name='download.size' value='2661'/>
      </properties>
      <repositoryProperties size='1'>
        <property name='artifact.folder' value='true'/>
      </repositoryProperties>
    </artifact>
    <artifact classifier='osgi.bundle' id='org.eclipse.ui.forms' version='3.5.200.v20120521-2332'>
      <properties size='1'>
        <property name='download.size' value='302116'/>
      </properties>
    </artifact>
    <artifact classifier='org.eclipse.update.feature' id='org.rodinp.platform' version='3.0.0.201403141545-e3d282b'>
      <properties size='1'>
        <property name='download.size' value='15823'/>
      </properties>
      <repositoryProperties size='1'>
        <property name='artifact.folder' value='true'/>
      </repositoryProperties>
    </artifact>
    <artifact classifier='osgi.bundle' id='org.eclipse.equinox.frameworkadmin' version='2.0.100.v20120913-155515'>
      <properties size='1'>
        <property name='download.size' value='36188'/>
      </properties>
    </artifact>
    <artifact classifier='osgi.bundle' id='org.eclipse.update.core.win32' version='3.2.300.v20120530-120908'>
      <properties size='1'>
        <property name='download.size' value='87550'/>
      </properties>
    </artifact>
    <artifact classifier='osgi.bundle' id='org.eclipse.ant.core' version='3.2.401.v20121204-161613'>
      <properties size='1'>
        <property name='download.size' value='99278'/>
      </properties>
    </artifact>
    <artifact classifier='osgi.bundle' id='org.eclipse.equinox.p2.updatesite' version='1.0.400.v20120412-1615'>
      <properties size='1'>
        <property name='download.size' value='83983'/>
      </properties>
    </artifact>
    <artifact classifier='osgi.bundle' id='org.eclipse.compare.core' version='3.5.200.v20120522-1148'>
      <properties size='1'>
        <property name='download.size' value='63244'/>
      </properties>
    </artifact>
    <artifact classifier='osgi.bundle' id='org.eclipse.ecf.filetransfer' version='5.0.0.v20120610-1946'>
      <properties size='1'>
        <property name='download.size' value='51713'/>
      </properties>
    </artifact>
    <artifact classifier='osgi.bundle' id='org.rodinp.keyboard.ui' version='2.0.0.201403141545-e3d282b'>
      <properties size='1'>
        <property name='download.size' value='24294'/>
      </properties>
    </artifact>
    <artifact classifier='osgi.bundle' id='javax.servlet' version='3.0.0.v201112011016'>
      <properties size='1'>
        <property name='download.size' value='201594'/>
      </properties>
    </artifact>
    <artifact classifier='osgi.bundle' id='org.rodinp.core.emf' version='1.0.0.201403141545-e3d282b'>
      <properties size='1'>
        <property name='download.size' value='101327'/>
      </properties>
    </artifact>
    <artifact classifier='osgi.bundle' id='org.apache.felix.gogo.command' version='0.8.0.v201108120515'>
      <properties size='1'>
        <property name='download.size' value='57580'/>
      </properties>
    </artifact>
    <artifact classifier='osgi.bundle' id='org.apache.commons.httpclient' version='3.1.0.v201012070820'>
      <properties size='1'>
        <property name='download.size' value='321633'/>
      </properties>
    </artifact>
    <artifact classifier='osgi.bundle' id='org.eclipse.jsch.ui' version='1.1.400.v20120522-1148'>
      <properties size='1'>
        <property name='download.size' value='90635'/>
      </properties>
    </artifact>
    <artifact classifier='osgi.bundle' id='org.eclipse.ecf.identity' version='3.1.200.v20120610-1946'>
      <properties size='1'>
        <property name='download.size' value='54408'/>
      </properties>
    </artifact>
    <artifact classifier='osgi.bundle' id='org.eclipse.debug.core' version='3.7.100.v20120521-2012'>
      <properties size='1'>
        <property name='download.size' value='346428'/>
      </properties>
    </artifact>
    <artifact classifier='osgi.bundle' id='org.eclipse.platform' version='3.8.2.v201301310800'>
      <properties size='1'>
        <property name='download.size' value='402104'/>
      </properties>
      <repositoryProperties size='1'>
        <property name='artifact.folder' value='true'/>
      </repositoryProperties>
    </artifact>
    <artifact classifier='osgi.bundle' id='org.eclipse.ui.editors' version='3.8.0.v20120523-1540'>
      <properties size='1'>
        <property name='download.size' value='573590'/>
      </properties>
    </artifact>
    <artifact classifier='osgi.bundle' id='org.eclipse.equinox.p2.repository.tools' version='2.0.100.v20120501-1314'>
      <properties size='1'>
        <property name='download.size' value='235500'/>
      </properties>
    </artifact>
    <artifact classifier='osgi.bundle' id='org.eclipse.equinox.http.jetty' version='3.0.1.v20121109-203239'>
      <properties size='1'>
        <property name='download.size' value='25359'/>
      </properties>
    </artifact>
    <artifact classifier='osgi.bundle' id='org.eclipse.help.webapp' version='3.6.101.v20130116-182509'>
      <properties size='1'>
        <property name='download.size' value='609963'/>
      </properties>
    </artifact>
    <artifact classifier='osgi.bundle' id='org.eclipse.core.jobs' version='3.5.200.v20120521-2346'>
      <properties size='1'>
        <property name='download.size' value='92327'/>
      </properties>
    </artifact>
    <artifact classifier='osgi.bundle' id='org.eventb.ui.symboltable' version='1.2.0.201403141545-e3d282b'>
      <properties size='1'>
        <property name='download.size' value='27511'/>
      </properties>
    </artifact>
    <artifact classifier='osgi.bundle' id='org.eclipse.equinox.p2.repository' version='2.2.0.v20120524-1945'>
      <properties size='1'>
        <property name='download.size' value='131861'/>
      </properties>
    </artifact>
    <artifact classifier='osgi.bundle' id='org.eclipse.core.filebuffers' version='3.5.200.v20120523-1310'>
      <properties size='1'>
        <property name='download.size' value='114687'/>
      </properties>
    </artifact>
    <artifact classifier='osgi.bundle' id='org.eclipse.compare' version='3.5.301.v20130125-135424'>
      <properties size='1'>
        <property name='download.size' value='738458'/>
      </properties>
    </artifact>
    <artifact classifier='osgi.bundle' id='org.eclipse.equinox.launcher.win32.win32.x86_64' version='1.1.200.v20120913-144807'>
      <properties size='1'>
        <property name='download.size' value='29526'/>
      </properties>
      <repositoryProperties size='1'>
        <property name='artifact.folder' value='true'/>
      </repositoryProperties>
    </artifact>
    <artifact classifier='osgi.bundle' id='org.eclipse.equinox.jsp.jasper' version='1.0.400.v20120912-130548'>
      <properties size='1'>
        <property name='download.size' value='28287'/>
      </properties>
    </artifact>
    <artifact classifier='osgi.bundle' id='org.sat4j.pb' version='2.3.0.v20110329'>
      <properties size='1'>
        <property name='download.size' value='140725'/>
      </properties>
    </artifact>
    <artifact classifier='osgi.bundle' id='org.eclipse.core.net.win32.x86_64' version='1.0.100.v20120522-1148'>
      <properties size='1'>
        <property name='download.size' value='29428'/>
      </properties>
    </artifact>
    <artifact classifier='osgi.bundle' id='org.eventb.pp' version='0.8.0.201403141545-e3d282b'>
      <properties size='1'>
        <property name='download.size' value='330487'/>
      </properties>
    </artifact>
    <artifact classifier='osgi.bundle' id='org.eclipse.team.core' version='3.6.100.v20120524-0627'>
      <properties size='1'>
        <property name='download.size' value='398408'/>
      </properties>
    </artifact>
    <artifact classifier='osgi.bundle' id='org.eclipse.swt' version='3.8.1.v3836b'>
      <properties size='1'>
        <property name='download.size' value='18539'/>
      </properties>
    </artifact>
    <artifact classifier='osgi.bundle' id='org.eclipse.core.boot' version='3.1.300.v20120523-2004'>
      <properties size='1'>
        <property name='download.size' value='7492'/>
      </properties>
    </artifact>
    <artifact classifier='osgi.bundle' id='org.eclipse.equinox.security.win32.x86_64' version='1.0.100.v20120522-2049'>
      <properties size='1'>
        <property name='download.size' value='35497'/>
      </properties>
    </artifact>
    <artifact classifier='osgi.bundle' id='org.eclipse.core.filesystem' version='1.3.200.v20130115-145044'>
      <properties size='1'>
        <property name='download.size' value='58000'/>
      </properties>
    </artifact>
    <artifact classifier='osgi.bundle' id='org.apache.lucene' version='2.9.1.v201101211721'>
      <properties size='1'>
        <property name='download.size' value='71018'/>
      </properties>
    </artifact>
    <artifact classifier='osgi.bundle' id='org.eclipse.platform.doc.user' version='3.8.2.v20130121-201129'>
      <properties size='1'>
        <property name='download.size' value='7037812'/>
      </properties>
    </artifact>
    <artifact classifier='osgi.bundle' id='org.eclipse.equinox.p2.core' version='2.2.0.v20120430-0525'>
      <properties size='1'>
        <property name='download.size' value='72598'/>
      </properties>
    </artifact>
    <artifact classifier='osgi.bundle' id='org.eclipse.equinox.simpleconfigurator.manipulator' version='2.0.0.v20110808-1657'>
      <properties size='1'>
        <property name='download.size' value='24056'/>
      </properties>
    </artifact>
    <artifact classifier='osgi.bundle' id='org.eclipse.equinox.security' version='1.1.100.v20120522-1841'>
      <properties size='1'>
        <property name='download.size' value='107462'/>
      </properties>
    </artifact>
    <artifact classifier='osgi.bundle' id='org.eclipse.jface' version='3.8.0.v20120912-135020'>
      <properties size='1'>
        <property name='download.size' value='1090101'/>
      </properties>
    </artifact>
    <artifact classifier='osgi.bundle' id='org.eclipse.equinox.p2.publisher' version='1.2.0.v20121002-080415'>
      <properties size='1'>
        <property name='download.size' value='105944'/>
      </properties>
    </artifact>
    <artifact classifier='osgi.bundle' id='org.eclipse.jface.text' version='3.8.2.v20121126-164145'>
      <properties size='1'>
        <property name='download.size' value='992923'/>
      </properties>
    </artifact>
    <artifact classifier='osgi.bundle' id='org.eclipse.ui.workbench.compatibility' version='3.2.101.v20120912-155656'>
      <properties size='1'>
        <property name='download.size' value='16338'/>
      </properties>
      <repositoryProperties size='1'>
        <property name='artifact.folder' value='true'/>
      </repositoryProperties>
    </artifact>
    <artifact classifier='osgi.bundle' id='com.jcraft.jsch' version='0.1.46.v201205102330'>
      <properties size='1'>
        <property name='download.size' value='241154'/>
      </properties>
    </artifact>
    <artifact classifier='osgi.bundle' id='org.apache.commons.codec' version='1.3.0.v201101211617'>
      <properties size='1'>
        <property name='download.size' value='55011'/>
      </properties>
    </artifact>
    <artifact classifier='osgi.bundle' id='org.apache.lucene.core' version='2.9.1.v201101211721'>
      <properties size='1'>
        <property name='download.size' value='1168475'/>
      </properties>
    </artifact>
    <artifact classifier='osgi.bundle' id='org.eclipse.ecf.provider.filetransfer' version='3.2.0.v20120610-1946'>
      <properties size='1'>
        <property name='download.size' value='127603'/>
      </properties>
    </artifact>
    <artifact classifier='osgi.bundle' id='org.eclipse.ui.presentations.r21' version='3.2.201.v20120523-1956'>
      <properties size='1'>
        <property name='download.size' value='100565'/>
      </properties>
    </artifact>
    <artifact classifier='osgi.bundle' id='org.eclipse.equinox.p2.ui.importexport' version='1.0.1.v20120913-155635'>
      <properties size='1'>
        <property name='download.size' value='117508'/>
      </properties>
    </artifact>
    <artifact classifier='osgi.bundle' id='org.eclipse.equinox.http.servlet' version='1.1.300.v20120912-130548'>
      <properties size='1'>
        <property name='download.size' value='45071'/>
      </properties>
    </artifact>
    <artifact classifier='osgi.bundle' id='org.eclipse.ui.console' version='3.5.100.v20120521-2012'>
      <properties size='1'>
        <property name='download.size' value='161184'/>
      </properties>
    </artifact>
    <artifact classifier='osgi.bundle' id='org.eclipse.ui.intro' version='3.4.200.v20120521-2344'>
      <properties size='1'>
        <property name='download.size' value='309398'/>
      </properties>
    </artifact>
    <artifact classifier='osgi.bundle' id='org.eclipse.equinox.concurrent' version='1.0.300.v20120912-130548'>
      <properties size='1'>
        <property name='download.size' value='21134'/>
      </properties>
    </artifact>
    <artifact classifier='osgi.bundle' id='org.apache.felix.gogo.runtime' version='0.8.0.v201108120515'>
      <properties size='1'>
        <property name='download.size' value='80002'/>
      </properties>
    </artifact>
    <artifact classifier='osgi.bundle' id='org.eclipse.equinox.launcher' version='1.3.0.v20120522-1813'>
      <properties size='1'>
        <property name='download.size' value='49283'/>
      </properties>
    </artifact>
    <artifact classifier='osgi.bundle' id='org.eclipse.core.databinding.beans' version='1.2.200.v20120523-1956'>
      <properties size='1'>
        <property name='download.size' value='76647'/>
      </properties>
    </artifact>
    <artifact classifier='osgi.bundle' id='org.eventb.ide' version='3.0.0.201403141545-e3d282b'>
      <properties size='1'>
        <property name='download.size' value='8676'/>
      </properties>
    </artifact>
    <artifact classifier='osgi.bundle' id='org.eclipse.equinox.p2.jarprocessor' version='1.0.200.v20110808-1657'>
      <properties size='1'>
        <property name='download.size' value='69407'/>
      </properties>
    </artifact>
    <artifact classifier='osgi.bundle' id='org.eclipse.equinox.p2.touchpoint.eclipse' version='2.1.100.v20120428-0117'>
      <properties size='1'>
        <property name='download.size' value='125384'/>
      </properties>
    </artifact>
    <artifact classifier='osgi.bundle' id='org.eclipse.core.expressions' version='3.4.400.v20120523-2004'>
      <properties size='1'>
        <property name='download.size' value='88231'/>
      </properties>
    </artifact>
    <artifact classifier='org.eclipse.update.feature' id='fr.systerel.editor' version='0.7.0.201403141545-e3d282b'>
      <properties size='1'>
        <property name='download.size' value='13068'/>
      </properties>
      <repositoryProperties size='1'>
        <property name='artifact.folder' value='true'/>
      </repositoryProperties>
    </artifact>
    <artifact classifier='org.eclipse.update.feature' id='org.eclipse.equinox.p2.core.feature' version='1.1.0.v20121211-153934-8297FndFWmE7h7Bpz-vcqkxyKz0'>
      <properties size='1'>
        <property name='download.size' value='31330'/>
      </properties>
      <repositoryProperties size='1'>
        <property name='artifact.folder' value='true'/>
      </repositoryProperties>
    </artifact>
    <artifact classifier='org.eclipse.update.feature' id='org.eclipse.equinox.p2.extras.feature' version='1.1.0.v20121211-153934-7A6FEcDiVOTg2RYDuZuFz-L2z00w'>
      <properties size='1'>
        <property name='download.size' value='30945'/>
      </properties>
      <repositoryProperties size='1'>
        <property name='artifact.folder' value='true'/>
      </repositoryProperties>
    </artifact>
    <artifact classifier='osgi.bundle' id='org.eclipse.equinox.p2.ui.sdk' version='1.0.200.v20120515-1650'>
      <properties size='1'>
        <property name='download.size' value='42689'/>
      </properties>
    </artifact>
    <artifact classifier='osgi.bundle' id='org.eclipse.core.externaltools' version='1.0.100.v20120521-2012'>
      <properties size='1'>
        <property name='download.size' value='41085'/>
      </properties>
    </artifact>
    <artifact classifier='osgi.bundle' id='javax.servlet.jsp' version='2.2.0.v201112011158'>
      <properties size='1'>
        <property name='download.size' value='107235'/>
      </properties>
    </artifact>
    <artifact classifier='osgi.bundle' id='org.eclipse.equinox.p2.engine' version='2.2.0.v20130121-021919'>
      <properties size='1'>
        <property name='download.size' value='197483'/>
      </properties>
    </artifact>
    <artifact classifier='osgi.bundle' id='org.eclipse.ui.browser' version='3.4.1.v20120912-135036'>
      <properties size='1'>
        <property name='download.size' value='192658'/>
      </properties>
    </artifact>
    <artifact classifier='osgi.bundle' id='org.eclipse.osgi' version='3.8.2.v20130124-134944'>
      <properties size='1'>
        <property name='download.size' value='1397588'/>
      </properties>
    </artifact>
    <artifact classifier='osgi.bundle' id='org.eclipse.text' version='3.5.200.v20120523-1310'>
      <properties size='1'>
        <property name='download.size' value='249360'/>
      </properties>
    </artifact>
    <artifact classifier='osgi.bundle' id='org.eclipse.emf.common' version='2.9.2.v20131212-0545'>
      <properties size='1'>
        <property name='download.size' value='351614'/>
      </properties>
    </artifact>
    <artifact classifier='osgi.bundle' id='org.eclipse.ui.ide.application' version='1.0.400.v20120523-1956'>
      <properties size='1'>
        <property name='download.size' value='66385'/>
      </properties>
    </artifact>
    <artifact classifier='osgi.bundle' id='org.eclipse.search' version='3.8.0.v20120523-1540'>
      <properties size='1'>
        <property name='download.size' value='470070'/>
      </properties>
    </artifact>
    <artifact classifier='osgi.bundle' id='org.eclipse.core.runtime.compatibility.auth' version='3.2.300.v20120523-2004'>
      <properties size='1'>
        <property name='download.size' value='21532'/>
      </properties>
    </artifact>
    <artifact classifier='osgi.bundle' id='org.eclipse.equinox.p2.garbagecollector' version='1.0.200.v20110808-1657'>
      <properties size='1'>
        <property name='download.size' value='26238'/>
      </properties>
    </artifact>
    <artifact classifier='osgi.bundle' id='org.eclipse.core.runtime.compatibility' version='3.2.200.v20120521-2346'>
      <properties size='1'>
        <property name='download.size' value='94012'/>
      </properties>
    </artifact>
    <artifact classifier='org.eclipse.update.feature' id='org.eclipse.help' version='1.4.1.v20120912-145617-8R7xFOXFLWUl7PpMEeZNIGkb4'>
      <properties size='1'>
        <property name='download.size' value='31045'/>
      </properties>
      <repositoryProperties size='1'>
        <property name='artifact.folder' value='true'/>
      </repositoryProperties>
    </artifact>
    <artifact classifier='org.eclipse.update.feature' id='org.rodinp' version='1.7.0.201403141545-e3d282b'>
      <properties size='1'>
        <property name='download.size' value='15519'/>
      </properties>
      <repositoryProperties size='1'>
        <property name='artifact.folder' value='true'/>
      </repositoryProperties>
    </artifact>
    <artifact classifier='osgi.bundle' id='org.eclipse.equinox.p2.touchpoint.natives' version='1.1.0.v20130121-021919'>
      <properties size='1'>
        <property name='download.size' value='52976'/>
      </properties>
    </artifact>
    <artifact classifier='osgi.bundle' id='org.eclipse.swt.win32.win32.x86_64' version='3.8.1.v3836b'>
      <properties size='1'>
        <property name='download.size' value='2696630'/>
      </properties>
    </artifact>
    <artifact classifier='org.eclipse.update.feature' id='org.eclipse.equinox.p2.rcp.feature' version='1.1.0.v20121211-153934-785EoBqNKNZz-DW7sUc8hFwz00wd'>
      <properties size='1'>
        <property name='download.size' value='30863'/>
      </properties>
      <repositoryProperties size='1'>
        <property name='artifact.folder' value='true'/>
      </repositoryProperties>
    </artifact>
    <artifact classifier='osgi.bundle' id='org.eclipse.ecf.ssl' version='1.0.100.v20120610-1946'>
      <properties size='1'>
        <property name='download.size' value='12773'/>
      </properties>
    </artifact>
    <artifact classifier='osgi.bundle' id='org.eclipse.core.variables' version='3.2.600.v20120521-2012'>
      <properties size='1'>
        <property name='download.size' value='34351'/>
      </properties>
    </artifact>
    <artifact classifier='osgi.bundle' id='org.eclipse.help.appserver' version='3.1.400.v20120912-134134'>
      <properties size='1'>
        <property name='download.size' value='19535'/>
      </properties>
    </artifact>
    <artifact classifier='osgi.bundle' id='org.eclipse.equinox.http.registry' version='1.1.200.v20120912-130548'>
      <properties size='1'>
        <property name='download.size' value='45228'/>
      </properties>
    </artifact>
    <artifact classifier='osgi.bundle' id='org.eclipse.ecf.provider.filetransfer.ssl' version='1.0.0.v20120610-1946'>
      <properties size='1'>
        <property name='download.size' value='9672'/>
      </properties>
    </artifact>
    <artifact classifier='osgi.bundle' id='org.eclipse.equinox.console' version='1.0.0.v20120522-1841'>
      <properties size='1'>
        <property name='download.size' value='111190'/>
      </properties>
    </artifact>
    <artifact classifier='osgi.bundle' id='org.eclipse.ui' version='3.8.2.v20121018-234953'>
      <properties size='1'>
        <property name='download.size' value='154488'/>
      </properties>
    </artifact>
    <artifact classifier='osgi.bundle' id='org.eclipse.ecf' version='3.1.300.v20120610-1946'>
      <properties size='1'>
        <property name='download.size' value='94181'/>
      </properties>
    </artifact>
    <artifact classifier='osgi.bundle' id='org.rodinp.core' version='1.7.0.201403141545-e3d282b'>
      <properties size='1'>
        <property name='download.size' value='523519'/>
      </properties>
    </artifact>
    <artifact classifier='osgi.bundle' id='org.eventb.ui' version='3.0.0.201403141545-e3d282b'>
      <properties size='1'>
        <property name='download.size' value='1651564'/>
      </properties>
    </artifact>
    <artifact classifier='osgi.bundle' id='org.eclipse.jetty.continuation' version='8.1.3.v20120522'>
      <properties size='1'>
        <property name='download.size' value='27328'/>
      </properties>
    </artifact>
    <artifact classifier='osgi.bundle' id='org.apache.felix.gogo.shell' version='0.8.0.v201110170705'>
      <properties size='1'>
        <property name='download.size' value='60824'/>
      </properties>
    </artifact>
    <artifact classifier='osgi.bundle' id='org.apache.lucene.analysis' version='2.9.1.v201101211721'>
      <properties size='1'>
        <property name='download.size' value='216089'/>
      </properties>
    </artifact>
    <artifact classifier='osgi.bundle' id='org.eclipse.core.commands' version='3.6.1.v20120912-135020'>
      <properties size='1'>
        <property name='download.size' value='108729'/>
      </properties>
    </artifact>
    <artifact classifier='osgi.bundle' id='org.eventb.core.seqprover' version='3.0.0.201403141545-e3d282b'>
      <properties size='1'>
        <property name='download.size' value='1121707'/>
      </properties>
    </artifact>
    <artifact classifier='osgi.bundle' id='org.eclipse.equinox.p2.operations' version='2.2.0.v20130119-010614'>
      <properties size='1'>
        <property name='download.size' value='60068'/>
      </properties>
    </artifact>
    <artifact classifier='osgi.bundle' id='org.apache.ant' version='1.8.3.v201301120609'>
      <properties size='1'>
        <property name='download.size' value='2359356'/>
      </properties>
      <repositoryProperties size='1'>
        <property name='artifact.folder' value='true'/>
      </repositoryProperties>
    </artifact>
    <artifact classifier='osgi.bundle' id='org.eclipse.jetty.http' version='8.1.3.v20120522'>
      <properties size='1'>
        <property name='download.size' value='101528'/>
      </properties>
    </artifact>
    <artifact classifier='osgi.bundle' id='org.eclipse.ltk.core.refactoring' version='3.6.0.v20120523-1543'>
      <properties size='1'>
        <property name='download.size' value='325763'/>
      </properties>
    </artifact>
    <artifact classifier='osgi.bundle' id='org.eclipse.ecf.provider.filetransfer.httpclient.ssl' version='1.0.0.v20120610-1946'>
      <properties size='1'>
        <property name='download.size' value='17935'/>
      </properties>
    </artifact>
    <artifact classifier='osgi.bundle' id='fr.systerel.editor.help' version='0.6.0.201403141545-e3d282b'>
      <properties size='1'>
        <property name='download.size' value='472613'/>
      </properties>
    </artifact>
    <artifact classifier='osgi.bundle' id='org.eclipse.ecf.provider.filetransfer.httpclient' version='4.0.200.v20120610-1946'>
      <properties size='1'>
        <property name='download.size' value='74130'/>
      </properties>
    </artifact>
    <artifact classifier='osgi.bundle' id='org.rodinp.platform' version='3.0.0.201403141545-e3d282b'>
      <properties size='1'>
        <property name='download.size' value='198786'/>
      </properties>
    </artifact>
    <artifact classifier='osgi.bundle' id='org.eclipse.equinox.p2.ql' version='2.0.100.v20110808-1657'>
      <properties size='1'>
        <property name='download.size' value='9259'/>
      </properties>
    </artifact>
    <artifact classifier='org.eclipse.update.feature' id='org.eclipse.equinox.p2.user.ui' version='2.2.0.v20121212-204731-62DG9JXTlTj-UXcQ2y3NLn6U4Z3H'>
      <properties size='1'>
        <property name='download.size' value='30889'/>
      </properties>
      <repositoryProperties size='1'>
        <property name='artifact.folder' value='true'/>
      </repositoryProperties>
    </artifact>
    <artifact classifier='osgi.bundle' id='org.eclipse.jface.databinding' version='1.6.0.v20120912-135020'>
      <properties size='1'>
        <property name='download.size' value='278376'/>
      </properties>
    </artifact>
    <artifact classifier='osgi.bundle' id='org.eclipse.osgi.util' version='3.2.300.v20120913-144807'>
      <properties size='1'>
        <property name='download.size' value='24978'/>
      </properties>
    </artifact>
    <artifact classifier='osgi.bundle' id='fr.systerel.editor' version='0.7.0.201403141545-e3d282b'>
      <properties size='1'>
        <property name='download.size' value='286614'/>
      </properties>
    </artifact>
    <artifact classifier='osgi.bundle' id='org.eventb.core' version='3.0.0.201403141545-e3d282b'>
      <properties size='1'>
        <property name='download.size' value='812460'/>
      </properties>
    </artifact>
    <artifact classifier='osgi.bundle' id='org.eclipse.equinox.p2.extensionlocation' version='1.2.100.v20110808-1657'>
      <properties size='1'>
        <property name='download.size' value='35833'/>
      </properties>
    </artifact>
    <artifact classifier='osgi.bundle' id='org.apache.commons.logging' version='1.0.4.v201101211617'>
      <properties size='1'>
        <property name='download.size' value='45405'/>
      </properties>
    </artifact>
    <artifact classifier='osgi.bundle' id='org.apache.jasper.glassfish' version='2.2.2.v201205150955'>
      <properties size='1'>
        <property name='download.size' value='2383691'/>
      </properties>
    </artifact>
    <artifact classifier='osgi.bundle' id='org.eclipse.core.resources' version='3.8.1.v20121114-124432'>
      <properties size='1'>
        <property name='download.size' value='810224'/>
      </properties>
    </artifact>
    <artifact classifier='osgi.bundle' id='org.eclipse.equinox.bidi' version='0.9.100.v20121107-021609'>
      <properties size='1'>
        <property name='download.size' value='49579'/>
      </properties>
    </artifact>
    <artifact classifier='osgi.bundle' id='org.eclipse.ui.win32' version='3.2.301.v20121002-145744'>
      <properties size='1'>
        <property name='download.size' value='25832'/>
      </properties>
    </artifact>
    <artifact classifier='osgi.bundle' id='org.eclipse.equinox.p2.directorywatcher' version='1.0.300.v20110808-1657'>
      <properties size='1'>
        <property name='download.size' value='33780'/>
      </properties>
    </artifact>
    <artifact classifier='osgi.bundle' id='org.eclipse.jetty.io' version='8.1.3.v20120522'>
      <properties size='1'>
        <property name='download.size' value='111094'/>
      </properties>
    </artifact>
    <artifact classifier='osgi.bundle' id='org.eclipse.jetty.security' version='8.1.3.v20120522'>
      <properties size='1'>
        <property name='download.size' value='95308'/>
      </properties>
    </artifact>
    <artifact classifier='osgi.bundle' id='org.eclipse.core.filesystem.win32.x86_64' version='1.1.300.v20120522-1137'>
      <properties size='1'>
        <property name='download.size' value='29605'/>
      </properties>
    </artifact>
    <artifact classifier='osgi.bundle' id='org.rodinp.keyboard.core' version='2.0.0.201403141545-e3d282b'>
      <properties size='1'>
        <property name='download.size' value='19846'/>
      </properties>
    </artifact>
    <artifact classifier='osgi.bundle' id='org.eclipse.equinox.p2.ui' version='2.2.0.v20130119-010614'>
      <properties size='1'>
        <property name='download.size' value='521523'/>
      </properties>
    </artifact>
    <artifact classifier='osgi.bundle' id='org.eclipse.equinox.event' version='1.2.200.v20120522-2049'>
      <properties size='1'>
        <property name='download.size' value='33746'/>
      </properties>
    </artifact>
    <artifact classifier='osgi.bundle' id='org.eclipse.jsch.core' version='1.1.400.v20120522-1148'>
      <properties size='1'>
        <property name='download.size' value='37556'/>
      </properties>
    </artifact>
    <artifact classifier='osgi.bundle' id='org.eclipse.core.net' version='1.2.200.v20120914-093638'>
      <properties size='1'>
        <property name='download.size' value='70474'/>
      </properties>
    </artifact>
    <artifact classifier='osgi.bundle' id='org.eclipse.equinox.frameworkadmin.equinox' version='1.0.400.v20120913-155709'>
      <properties size='1'>
        <property name='download.size' value='62583'/>
      </properties>
    </artifact>
    <artifact classifier='osgi.bundle' id='org.eventb.core.ast' version='3.0.0.201403141545-e3d282b'>
      <properties size='1'>
        <property name='download.size' value='659804'/>
      </properties>
    </artifact>
    <artifact classifier='osgi.bundle' id='org.eclipse.update.scheduler' version='3.2.400.v20120912-142556'>
      <properties size='1'>
        <property name='download.size' value='33059'/>
      </properties>
    </artifact>
    <artifact classifier='osgi.bundle' id='org.eclipse.equinox.jsp.jasper.registry' version='1.0.300.v20120912-130548'>
      <properties size='1'>
        <property name='download.size' value='12358'/>
      </properties>
    </artifact>
    <artifact classifier='osgi.bundle' id='com.sun.el' version='2.2.0.v201108011116'>
      <properties size='1'>
        <property name='download.size' value='130602'/>
      </properties>
    </artifact>
    <artifact classifier='osgi.bundle' id='org.eclipse.compare.win32' version='1.0.200.v20120914-154749'>
      <properties size='1'>
        <property name='download.size' value='39493'/>
      </properties>
    </artifact>
    <artifact classifier='osgi.bundle' id='org.eclipse.ui.workbench.texteditor' version='3.8.0.v20120523-1310'>
      <properties size='1'>
        <property name='download.size' value='584030'/>
      </properties>
    </artifact>
    <artifact classifier='osgi.bundle' id='org.eclipse.equinox.p2.artifact.repository' version='1.1.200.v20120430-1959'>
      <properties size='1'>
        <property name='download.size' value='137109'/>
      </properties>
    </artifact>
    <artifact classifier='osgi.bundle' id='org.eclipse.equinox.p2.metadata' version='2.1.0.v20120430-2001'>
      <properties size='1'>
        <property name='download.size' value='340681'/>
      </properties>
    </artifact>
    <artifact classifier='osgi.bundle' id='org.eclipse.ui.navigator' version='3.5.200.v20120523-1956'>
      <properties size='1'>
        <property name='download.size' value='406140'/>
      </properties>
    </artifact>
    <artifact classifier='osgi.bundle' id='org.eclipse.emf.ecore' version='2.9.2.v20131212-0545'>
      <properties size='1'>
        <property name='download.size' value='1182690'/>
      </properties>
    </artifact>
    <artifact classifier='osgi.bundle' id='org.eclipse.equinox.common' version='3.6.100.v20120522-1841'>
      <properties size='1'>
        <property name='download.size' value='106764'/>
      </properties>
    </artifact>
    <artifact classifier='osgi.bundle' id='org.eclipse.ltk.ui.refactoring' version='3.7.0.v20120523-1543'>
      <properties size='1'>
        <property name='download.size' value='458248'/>
      </properties>
    </artifact>
    <artifact classifier='osgi.bundle' id='org.eclipse.core.runtime' version='3.8.0.v20120521-2346'>
      <properties size='1'>
        <property name='download.size' value='75326'/>
      </properties>
    </artifact>
    <artifact classifier='osgi.bundle' id='org.eclipse.ui.intro.universal' version='3.2.600.v20120912-155524'>
      <properties size='1'>
        <property name='download.size' value='1637393'/>
      </properties>
      <repositoryProperties size='1'>
        <property name='artifact.folder' value='true'/>
      </repositoryProperties>
    </artifact>
    <artifact classifier='osgi.bundle' id='org.eclipse.update.core' version='3.2.600.v20130104-035835'>
      <properties size='1'>
        <property name='download.size' value='597522'/>
      </properties>
    </artifact>
    <artifact classifier='osgi.bundle' id='org.eclipse.equinox.ds' version='1.4.1.v20120926-201320'>
      <properties size='1'>
        <property name='download.size' value='194018'/>
      </properties>
    </artifact>
    <artifact classifier='osgi.bundle' id='org.eventb.pptrans' version='0.8.0.201403141545-e3d282b'>
      <properties size='1'>
        <property name='download.size' value='70887'/>
      </properties>
    </artifact>
    <artifact classifier='osgi.bundle' id='org.rodinp.handbook' version='2.5.0.201310101603'>
      <properties size='1'>
        <property name='download.size' value='9207402'/>
      </properties>
    </artifact>
    <artifact classifier='osgi.bundle' id='fr.systerel.explorer' version='2.0.0.201403141545-e3d282b'>
      <properties size='1'>
        <property name='download.size' value='162746'/>
      </properties>
    </artifact>
    <artifact classifier='osgi.bundle' id='org.sat4j.core' version='2.3.0.v20110329'>
      <properties size='1'>
        <property name='download.size' value='210700'/>
      </properties>
    </artifact>
    <artifact classifier='osgi.bundle' id='org.eclipse.equinox.p2.updatechecker' version='1.1.200.v20110808-1657'>
      <properties size='1'>
        <property name='download.size' value='18004'/>
      </properties>
    </artifact>
    <artifact classifier='osgi.bundle' id='org.eclipse.osgi.services' version='3.3.100.v20120522-1822'>
      <properties size='1'>
        <property name='download.size' value='83084'/>
      </properties>
    </artifact>
    <artifact classifier='osgi.bundle' id='org.eclipse.core.databinding.property' version='1.4.100.v20120523-1956'>
      <properties size='1'>
        <property name='download.size' value='169212'/>
      </properties>
    </artifact>
    <artifact classifier='org.eclipse.update.feature' id='org.eventb.ide' version='3.0.0.201403141545-e3d282b'>
      <properties size='1'>
        <property name='download.size' value='15670'/>
      </properties>
      <repositoryProperties size='1'>
        <property name='artifact.folder' value='true'/>
      </repositoryProperties>
    </artifact>
    <artifact classifier='osgi.bundle' id='org.eclipse.ui.views' version='3.6.100.v20120521-2332'>
      <properties size='1'>
        <property name='download.size' value='91379'/>
      </properties>
    </artifact>
    <artifact classifier='osgi.bundle' id='org.eventb.pp.ui' version='0.2.1.201403141545-e3d282b'>
      <properties size='1'>
        <property name='download.size' value='11096'/>
      </properties>
    </artifact>
    <artifact classifier='osgi.bundle' id='ch.ethz.eventb.keyboard.latex' version='1.0.0.201403141545-e3d282b'>
      <properties size='1'>
        <property name='download.size' value='4198'/>
      </properties>
    </artifact>
    <artifact classifier='osgi.bundle' id='org.eclipse.equinox.p2.director.app' version='1.0.300.v20120428-0517'>
      <properties size='1'>
        <property name='download.size' value='50378'/>
      </properties>
    </artifact>
    <artifact classifier='osgi.bundle' id='org.eclipse.equinox.p2.director' version='2.2.0.v20120524-0542'>
      <properties size='1'>
        <property name='download.size' value='96469'/>
      </properties>
    </artifact>
    <artifact classifier='osgi.bundle' id='org.eclipse.ui.views.properties.tabbed' version='3.5.300.v20120912-135020'>
      <properties size='1'>
        <property name='download.size' value='105402'/>
      </properties>
    </artifact>
    <artifact classifier='osgi.bundle' id='org.eclipse.equinox.preferences' version='3.5.1.v20121031-182809'>
      <properties size='1'>
        <property name='download.size' value='126756'/>
      </properties>
    </artifact>
    <artifact classifier='osgi.bundle' id='org.eclipse.core.runtime.compatibility.registry' version='3.5.100.v20120521-2346'>
      <properties size='1'>
        <property name='download.size' value='19333'/>
      </properties>
      <repositoryProperties size='1'>
        <property name='artifact.folder' value='true'/>
      </repositoryProperties>
    </artifact>
    <artifact classifier='osgi.bundle' id='org.eclipse.rcp' version='3.8.1.v201301310800'>
      <properties size='1'>
        <property name='download.size' value='13391'/>
      </properties>
    </artifact>
    <artifact classifier='osgi.bundle' id='org.eclipse.ui.views.log' version='1.0.300.v20120530-1435'>
      <properties size='1'>
        <property name='download.size' value='139716'/>
      </properties>
    </artifact>
    <artifact classifier='osgi.bundle' id='org.eclipse.core.contenttype' version='3.4.200.v20120523-2004'>
      <properties size='1'>
        <property name='download.size' value='93174'/>
      </properties>
    </artifact>
    <artifact classifier='osgi.bundle' id='org.eclipse.help' version='3.6.0.v20120912-134126'>
      <properties size='1'>
        <property name='download.size' value='258851'/>
      </properties>
    </artifact>
    <artifact classifier='osgi.bundle' id='org.eclipse.equinox.p2.console' version='1.0.300.v20120429-0125'>
      <properties size='1'>
        <property name='download.size' value='28277'/>
      </properties>
    </artifact>
    <artifact classifier='osgi.bundle' id='javax.el' version='2.2.0.v201108011116'>
      <properties size='1'>
        <property name='download.size' value='52319'/>
      </properties>
    </artifact>
    <artifact classifier='osgi.bundle' id='org.eventb.keyboard' version='1.0.0.201403141545-e3d282b'>
      <properties size='1'>
        <property name='download.size' value='280574'/>
      </properties>
    </artifact>
    <artifact classifier='osgi.bundle' id='org.eclipse.equinox.p2.publisher.eclipse' version='1.1.0.v20120913-155635'>
      <properties size='1'>
        <property name='download.size' value='215195'/>
      </properties>
    </artifact>
    <artifact classifier='org.eclipse.update.feature' id='org.eclipse.rcp' version='3.8.2.v20130118-180157-96BuGOZFxwOAeG8Ofmqicz0tPK'>
      <properties size='1'>
        <property name='download.size' value='31685'/>
      </properties>
      <repositoryProperties size='1'>
        <property name='artifact.folder' value='true'/>
      </repositoryProperties>
    </artifact>
    <artifact classifier='osgi.bundle' id='org.rodinp' version='1.7.0.201403141545-e3d282b'>
      <properties size='1'>
        <property name='download.size' value='3609'/>
      </properties>
    </artifact>
    <artifact classifier='osgi.bundle' id='org.eclipse.equinox.p2.transport.ecf' version='1.0.100.v20120913-155635'>
      <properties size='1'>
        <property name='download.size' value='42019'/>
      </properties>
    </artifact>
    <artifact classifier='osgi.bundle' id='org.eclipse.jetty.util' version='8.1.3.v20120522'>
      <properties size='1'>
        <property name='download.size' value='282738'/>
      </properties>
    </artifact>
    <artifact classifier='osgi.bundle' id='org.eclipse.help.ui' version='3.5.201.v20130108-092756'>
      <properties size='1'>
        <property name='download.size' value='499655'/>
      </properties>
    </artifact>
    <artifact classifier='osgi.bundle' id='org.eclipse.ui.cheatsheets' version='3.4.200.v20120521-2344'>
      <properties size='1'>
        <property name='download.size' value='330212'/>
      </properties>
    </artifact>
    <artifact classifier='osgi.bundle' id='org.eclipse.help.base' version='3.6.101.v201301310800'>
      <properties size='1'>
        <property name='download.size' value='421638'/>
      </properties>
    </artifact>
    <artifact classifier='osgi.bundle' id='org.eclipse.ui.net' version='1.2.101.v20120914-093638'>
      <properties size='1'>
        <property name='download.size' value='48973'/>
      </properties>
    </artifact>
    <artifact classifier='osgi.bundle' id='org.eclipse.equinox.security.ui' version='1.1.100.v20120522-2049'>
      <properties size='1'>
        <property name='download.size' value='215476'/>
      </properties>
    </artifact>
    <artifact classifier='osgi.bundle' id='org.eclipse.jetty.servlet' version='8.1.3.v20120522'>
      <properties size='1'>
        <property name='download.size' value='102989'/>
      </properties>
    </artifact>
    <artifact classifier='osgi.bundle' id='org.eclipse.core.databinding.observable' version='1.4.1.v20120521-2332'>
      <properties size='1'>
        <property name='download.size' value='297396'/>
      </properties>
    </artifact>
    <artifact classifier='osgi.bundle' id='org.eclipse.ui.externaltools' version='3.2.100.v20120530-1753'>
      <properties size='1'>
        <property name='download.size' value='137310'/>
      </properties>
    </artifact>
    <artifact classifier='osgi.bundle' id='org.eclipse.debug.ui' version='3.8.2.v20130130-171415'>
      <properties size='1'>
        <property name='download.size' value='2614072'/>
      </properties>
    </artifact>
    <artifact classifier='osgi.bundle' id='org.eclipse.update.ui' version='3.3.0.v20120912-142556'>
      <properties size='1'>
        <property name='download.size' value='508623'/>
      </properties>
    </artifact>
    <artifact classifier='org.eclipse.update.feature' id='org.eclipse.platform' version='3.8.1.v20130118-180812-9jF7oIBFG8eU2pim-VbIlTuQjY0RWWK3x-bv4I'>
      <properties size='1'>
        <property name='download.size' value='32191'/>
      </properties>
      <repositoryProperties size='1'>
        <property name='artifact.folder' value='true'/>
      </repositoryProperties>
    </artifact>
    <artifact classifier='osgi.bundle' id='org.eclipse.equinox.p2.reconciler.dropins' version='1.1.200.v20120301-2145'>
      <properties size='1'>
        <property name='download.size' value='48730'/>
      </properties>
    </artifact>
    <artifact classifier='osgi.bundle' id='org.eclipse.equinox.p2.metadata.repository' version='1.2.100.v20120524-1717'>
      <properties size='1'>
        <property name='download.size' value='118134'/>
      </properties>
    </artifact>
    <artifact classifier='osgi.bundle' id='org.eclipse.core.databinding' version='1.4.1.v20120912-135020'>
      <properties size='1'>
        <property name='download.size' value='202248'/>
      </properties>
    </artifact>
    <artifact classifier='osgi.bundle' id='org.eclipse.ui.navigator.resources' version='3.4.400.v20120523-1956'>
      <properties size='1'>
        <property name='download.size' value='120315'/>
      </properties>
    </artifact>
    <artifact classifier='osgi.bundle' id='org.eclipse.equinox.registry' version='3.5.200.v20120522-1841'>
      <properties size='1'>
        <property name='download.size' value='184235'/>
      </properties>
    </artifact>
    <artifact classifier='osgi.bundle' id='org.eclipse.equinox.simpleconfigurator' version='1.0.301.v20120914-163612'>
      <properties size='1'>
        <property name='download.size' value='40704'/>
      </properties>
    </artifact>
    <artifact classifier='osgi.bundle' id='org.eclipse.ui.workbench' version='3.8.2.v20121128-133708'>
      <properties size='1'>
        <property name='download.size' value='4177340'/>
      </properties>
    </artifact>
    <artifact classifier='osgi.bundle' id='org.eclipse.jetty.server' version='8.1.3.v20120522'>
      <properties size='1'>
        <property name='download.size' value='344666'/>
      </properties>
    </artifact>
  </artifacts>
</repository>
