<?xml version="1.0" encoding="UTF-8"?>
<feature
      id="fr.systerel.editor"
      label="%featureName"
      version="0.7.0.201403141545-e3d282b"
      provider-name="%providerName">

   <description>
      %description
   </description>

   <copyright url="http://www.example.com/copyright">
      %copyright
   </copyright>

   <license url="http://www.example.com/license">
      %license
   </license>

   <requires>
      <import plugin="org.rodinp.keyboard.ui"/>
      <import plugin="org.eclipse.jface.text"/>
      <import plugin="org.eventb.ui"/>
   </requires>

   <plugin
         id="fr.systerel.editor"
         download-size="279"
         install-size="530"
         version="0.7.0.201403141545-e3d282b"
         unpack="false"/>

   <plugin
         id="fr.systerel.editor.help"
         download-size="461"
         install-size="535"
         version="0.6.0.201403141545-e3d282b"
         unpack="false"/>

</feature>
